Критерий,Вес
"Заголовок, который привлекает внимание",10
Адаптация под аудиторию: Настройка текста под конкретную аудиторию,9
Активное использование глаголов: Применение активных глаголов для придания динамики тексту,8
Актуальность темы,9
"Вопросы для размышления: Вопросы, побуждающие читателя задуматься",7
Использование вопросов,8
Использование диалогов: Включение диалогов для оживления текста,6
Использование исторических примеров: Примеры из истории для иллюстрации идей,5
Использование кратких абзацев: Краткие абзацы для облегчения восприятия текста,8
Использование метафор и аналогий,7
"Использование риторических вопросов: Применение вопросов, не требующих ответа",6
Использование цитат: Применение цитат известных людей или экспертов,6
Использование юмора,7
Истории и анекдоты,6
Легкий и непринужденный тон,8
Легкость восприятия,9
Личный подход,8
Логические переходы между абзацами,8
Обращение к эмоциям: Вовлечение эмоций читателя,9
Описание действий: Детальное описание действий и процессов,7
Описание ощущений: Детальное описание ощущений и восприятий,6
Повествование в настоящем времени: Использование настоящего времени для создания эффекта присутствия,7
Повествование с неожиданными поворотами: Включение неожиданных поворотов в повествование,6
Подведение итогов: Краткое подведение итогов в конце текста,7
Призывы к действию,9
Примеры из реальной жизни,8
Прозрачность и честность,9
Прямое обращение к читателю,9
Рассказ от первого лица,7
Сравнения и контрасты: Использование сравнений и контрастов для усиления впечатлений,7
Указание на выгоды: Подчеркивание выгод и преимуществ для читателя,8
Уникальный стиль написания,8
Учет интересов и потребностей аудитории,9
Четкая структура текста,8
Эмоциональная вовлеченность,9